Close,High,Low,Open,Volume
AAPL,AAPL,AAPL,AAPL,AAPL
72.3338623046875,72.39407027941263,71.09116882440814,71.34403937841115,135480400
71.6306381225586,72.38925722098051,71.40666619485818,71.56320547713457,146322800
72.2013931274414,72.23992710936326,70.50353134989086,70.7539985575802,118387200
71.8618392944336,72.4663224088167,71.64268136784916,72.211041164577,108872000
73.01783752441406,73.31887745373415,71.56562119935828,71.56562119935828,132079200
74.56879425048828,74.76145686133366,73.74274246581768,73.99320238999518,170108400
74.73739624023438,75.30094962494485,74.236468881126,74.80242558826012,140644800
76.33407592773438,76.36057125816924,74.9348431957367,75.05285582286368,121532000
75.3033218383789,76.48099343710987,75.18050255877637,76.27147084582813,161954400
74.98062133789062,75.98248317068368,74.54953007278792,75.10344798902688,121923600
75.91986846923828,76.03065646802948,75.16124922768141,75.52249718552835,108829200
76.76036834716797,76.76277166888072,75.86206254796348,76.16791647174253,137816400
76.24015808105469,76.83019183971173,76.1028821310267,76.38947268651397,110843200
76.5123062133789,77.06380603496487,76.4183782339569,76.72423213565071,101832400
76.88080596923828,76.96027729950708,76.01862324900956,76.56531662094284,104472000
76.65921020507812,77.86818383448923,76.46895092458591,77.12642473209515,146537600
74.40503692626953,75.08417746726008,73.42484908589569,74.67235687385795,161940000
76.50991821289062,76.68090687398296,75.18534222076916,75.28408422213496,162234000
78.11141967773438,78.95674202148273,77.39855929233421,78.13791500924663,216229200
77.99822998046875,78.05121329496869,76.76517176985938,77.19626294921763,126743200
74.5399169921875,77.71167041513803,74.24610164905711,77.29021440201876,199588400
74.3351821899414,75.49839714349714,72.78422401879573,73.2851511845041,173788400
76.78926849365234,76.97952779146334,75.53212542449515,75.93672133535755,136616400
77.41542053222656,78.21257356762338,76.81334075627086,77.91393700101683,118826800
78.32096099853516,78.32337167005116,77.12884718583062,77.6851684350144,105425600
77.25634765625,78.06987612347613,76.76629893571341,77.82123085871221,117684000
77.62330627441406,77.62330627441406,75.76450341427329,75.84416334192943,109348800
77.15496826171875,78.19059132825674,76.93770658748598,78.11817322586252,94323200
78.98722839355469,78.9920538114317,77.60398368209574,77.60398368209574,113730400
78.42475128173828,78.75064746940821,78.05782062596876,78.26059867524006,94747600
78.44407653808594,78.6927218682662,77.93712767417983,78.39337649475979,80113600
77.00769805908203,77.18875064072564,75.94793341167819,76.1289859933218,152531200
78.12301635742188,78.35235267875386,77.24913667748609,77.24913667748609,93984000
77.32154846191406,78.37165530100644,76.81701596336808,77.8840228178166,100566000
75.5713882446289,77.35778064143899,74.95581205860155,76.9160079617277,129554000
71.9817123413086,73.43013371315247,69.82115488187272,71.75962518984169,222195200
69.54352569580078,73.03180965186876,69.07279323243056,72.6503953158895,230673600
70.646728515625,71.90927139616765,69.16209855410392,69.16934036398257,198054800
66.0286865234375,69.04140503149553,65.89350114490772,67.85852928583456,320605600
65.99006652832031,67.20915879544067,61.88862284247871,62.10347552395671,426510000
72.13377380371094,72.76866613954134,67.04257525684778,68.14337454443714,341397200
69.84286499023438,73.3866667341741,68.99311992366323,73.30700681770827,319475600
73.08247375488281,73.24180090646557,70.76259027435336,71.561635057031,219178400
70.7119369506836,72.31243643111517,70.34741520260532,71.33958033890666,187572800
69.77284240722656,70.20495666747604,67.88989834828591,68.07577636210152,226176800
64.25436401367188,67.13188921300795,63.48911178224734,63.67016438238683,286744800
68.88206481933594,69.14761010810192,65.02685113261988,66.90256079781972,285290000
66.48977661132812,67.8875051992336,65.62796418784407,66.96293286366341,255598800
59.92359161376953,65.17894700154001,59.86806983845157,61.784814276675704,418474000
67.1029281616211,67.57366791219874,61.06301183278901,63.94537376560975,370732000
58.47034454345703,62.5428168089279,57.93684117686896,58.40757727472599,322423600
61.04129409790039,62.187957132183904,57.55059758461941,59.74978379495811,324056000
59.54700469970703,60.350878847985236,57.24160039100893,57.88132191691277,300233600
59.09075164794922,61.03646337436918,58.56690646649194,59.72081496454535,271857200
55.3393440246582,60.79264863512061,55.04000233501268,59.67012006159394,401693200
54.16370391845703,55.16070158535809,51.32479999006741,55.05931255400759,336752800
59.59769821166992,59.79323446043245,56.56084169108887,57.05813231967632,287531200
59.26938247680664,62.3424476958278,58.97486994131572,60.53192162528101,303602000
62.38832473754883,62.44625922344338,59.472169846872056,59.51079529315195,252087200
59.80530548095703,61.767913466106,59.638736473627105,61.01473571142301,204216800
61.51203536987305,61.68343350383442,60.20604133587408,60.529524878595154,167976400
61.386497497558594,63.366005560924876,60.833685075362965,61.70273919270683,197002000
58.15652847290039,60.04188955581618,57.726830460711994,59.505973395261975,176218400
59.126953125,59.18006218576405,57.1884834576866,58.01891202578832,165934000
58.2772216796875,59.31284110700112,57.68819653151743,58.61277240805976,129880000
63.36116409301758,63.51565847082729,60.20119380275697,60.568124396222636,201820400
62.62731170654297,65.58933753055518,62.52350996388426,65.37206847487805,202887200
64.230224609375,64.54404618126709,63.06183266990903,63.42634690897305,168895200
64.69374084472656,65.19586439958498,63.89952839783749,64.86514268497035,161834800
65.96350860595703,66.07214313145124,64.17229133387406,64.77097468626023,131022800
69.29487609863281,69.58456326372355,67.12224446160415,67.59298426311395,194994800
68.66239929199219,69.12106449233013,67.7450688913163,68.17235045630129,131154400
69.20796966552734,69.57249130619873,68.16027936470277,69.37453866907585,157125200
68.26890563964844,69.27073604048029,66.83496828577375,68.72516178272222,215250000
66.85187530517578,67.99854202997274,66.83256626499734,67.09811161151838,130015200
64.78545379638672,66.92911797835283,64.07572694243713,66.69495629705587,180991600
66.65150451660156,67.08602784822331,65.71003238672124,66.05040482183006,116862400
66.3932113647461,68.0154433517939,66.35458591659604,66.59598944224571,124814400
68.30994415283203,68.31960235496462,66.86876505886688,66.91704870248016,126161200
68.35823822021484,68.68895986495261,67.58091858862758,68.02750920842628,117087600
67.25018310546875,69.00035846269303,67.15845596472252,68.81930583953189,112004800
69.45901489257812,69.92733815857098,68.53202656102843,68.73480456789414,137280800
70.9243392944336,71.10056648651737,69.60869475205328,69.99735081766806,183064000
69.78250885009766,72.17964374552773,69.0051893150792,69.10174923798432,240616800
70.76984405517578,70.8977876030395,69.11864515995262,69.8066465413913,133568000
71.83204650878906,72.66247538830531,71.08369395995085,71.22853757699251,147751200
72.57316589355469,73.20322575724836,72.14829319748176,72.53212403979857,142333600
73.32389831542969,73.66911092684012,72.89661676334377,73.19837114485792,115215200
75.0691146850586,75.12236750357918,73.65550314168313,73.98228146501447,133838400
76.25035095214844,76.74414173878206,74.36956400000152,74.57773678757478,145946400
75.37895965576172,77.38319101183461,75.25793117438776,76.93296121988755,162301200
74.46883392333984,76.47791143801962,73.39410026175051,75.55809041384309,200622400
74.92631530761719,74.98682954910396,72.98743664654351,73.70876906438306,158929200
74.48334503173828,74.52933644505968,72.66791783323735,72.70180935336562,166348400
76.23826599121094,76.61103581678174,75.11512542110488,75.80498930633232,135178400
75.79771423339844,77.09997437404789,75.76624564907384,76.25519801175672,101729600
77.27185821533203,77.34204942619355,76.6158784313997,76.65460843756124,111504800
76.69576263427734,77.67367499164858,76.45854411277335,77.1338852173559,102688800
77.18955993652344,77.27185842972254,76.33267609193112,76.43433589476804,81803200
76.66670989990234,78.48455279572174,76.61103413521022,78.30543299444078,125522000
77.0007553100586,77.14599099987917,75.78563172544763,76.52391007078806,112945200
77.03463745117188,78.29091382648822,76.4004493161322,76.67639044487011,133560800
76.9595947265625,77.73659554294788,76.60377068012559,77.27668877080987,153532400
77.90604400634766,78.02707250180976,76.78289602270274,76.91360886615988,80791200
78.26673126220703,78.29093844633856,77.19925870886732,77.6398043442765,87642800
78.69757080078125,78.9589964979716,78.0149682866651,78.58622664893751,104491200
78.0197982788086,78.81858326292213,77.64702850562604,78.52085794063949,87560400
80.24189758300781,80.3024118345787,78.24008880036028,78.26913445919533,137250400
80.7163314819336,80.75022301034842,79.23010522661079,79.93933051935436,95654400
83.26518249511719,83.6573136410901,80.36534445233356,80.39681304328083,147712400
85.40738677978516,85.87455499385788,83.77350211039672,84.21162466782144,166651600
81.30693817138672,84.97652287764004,81.20527837641917,84.55292316229209,201662400
82.0088882446289,84.18740070270101,80.90027071068629,83.44186857843707,200146000
83.02312469482422,83.67425858934295,80.50331054070764,80.665491974399,138808800
85.22341918945312,85.49452921505798,83.44188334314991,85.07334504214955,165428800
85.10478973388672,86.02702598772805,84.98376127656381,85.96651175906659,114406400
85.13871002197266,85.55504835135272,84.53114459703605,85.06125001022909,96820400
84.65217590332031,86.3078449275457,83.54597361995395,85.84309961565448,264476000
86.86699676513672,87.0098095125726,84.99831637895207,85.04430780115948,135445200
88.72113037109375,90.13716495464834,87.68996543764521,88.10872660527849,212155600
87.15502166748047,89.26818142371512,86.78225190963218,88.35078354810454,192623200
88.31206512451172,88.35079512662277,86.55231359048508,87.3099530977363,137522400
85.59861755371094,88.42826445687878,85.45095894340278,88.20799170182455,205256800
87.57136535644531,87.66577111516035,85.02976731524565,85.50661981464565,130646000
88.3023910522461,88.58802392767775,87.14052040168764,87.15988171149978,140223200
88.13536071777344,88.92204587845694,88.08695375546539,88.37984062385425,110737200
88.13536071777344,89.67484690422407,88.02160103220285,89.04065881814572,114041600
90.49298858642578,90.96015670821257,89.52959930495038,89.56106788910034,118655600
90.21221923828125,91.6476154008952,90.10087509241899,90.87061453958542,112424400
92.31326293945312,92.34473152661032,91.10055518911935,91.18769953716944,117092000
92.71025848388672,93.25730230757911,91.66457041968785,93.20404946948581,125642800
92.87242889404297,92.93052759776583,91.69603540831204,92.30601639495103,90257200
92.4439926147461,96.7792345052281,92.23098126624099,94.1746987408597,191649200
93.97378540039062,94.16500509879575,90.89482027358295,91.82673375082925,170989200
94.62007904052734,96.09420527190387,93.42431687945134,95.84488685944433,153198000
93.45577239990234,94.31023318785083,92.85789140298706,93.49450240060445,110577600
93.26698303222656,94.06092970486094,92.79496892260524,93.90601706451432,92186800
95.23248291015625,95.37045717183655,93.01040144233045,93.35412562962276,90318000
93.91809844970703,96.09661104261261,93.6687800817764,96.02157397759412,103433200
94.18196868896484,94.86214835066377,93.53325762300905,93.62039460784149,89001600
89.89513397216797,93.99315739757402,89.08666444146189,93.91569738113668,197004400
89.67242431640625,90.01614846898383,86.31267234298356,88.09663844239333,185438800
91.79766845703125,91.88965127303891,90.50993119389801,90.73261943445108,121214000
90.28966522216797,91.54594138277622,90.28481935549645,91.36923715007886,103625600
92.02037048339844,92.20433612820618,90.73504867705178,90.77135574195019,90329200
93.13387298583984,93.23795574453258,90.7883395787684,91.19499365016907,158130000
102.8838882446289,103.03396237192649,97.62156512089064,99.61611941491957,374336800
105.4763412475586,108.0905539794476,104.46454472688619,104.76227011908288,308151200
106.18071746826172,107.26997389606046,104.94380243901392,105.6651349105181,173071600
106.5655746459961,106.88509160009556,105.43758834706337,105.9023409518437,121776800
110.28357696533203,110.77737527223312,106.30900549573542,106.89720218347466,202428800
107.77619171142578,110.26174899503663,106.98081367668276,109.80586023116359,198045600
109.34271240234375,110.35876045671141,106.69710821737102,109.21903838608283,212403600
106.09088897705078,109.10508091522647,105.83141919822033,108.60797228128783,187902400
109.61670684814453,109.8737492325435,106.9856522603481,107.1796439994117,165598000
111.5566635131836,112.55816241863091,110.5066629686095,110.9940770606822,210082000
111.45726013183594,111.54698151987802,109.65068105796512,111.38208775805406,165565200
111.166259765625,112.60182410704658,110.54062998121614,112.57757328432733,119561600
112.09257507324219,112.51693852673742,110.58426581680665,110.91890789561272,105633600
112.23320770263672,113.64452094897047,112.13863913268811,112.49995190044544,145538000
114.72362518310547,114.8375973733061,112.2574641314498,112.27444044495672,126907200
120.6356201171875,121.11817961837231,115.6693525872738,115.6814742972318,338054800
122.07845306396484,124.91805616382935,120.21610549023623,124.83317459173283,345937600
121.07696533203125,121.42130925505194,119.35768781992573,120.95329871627834,211495600
122.72347259521484,123.17936132920332,121.3267083719839,122.39125785191554,163022400
121.25640106201172,123.65708422717836,120.11425182681509,123.32486945527224,155552400
121.05997467041016,122.64587607239329,120.83687750115561,122.22878715620412,187630000
125.16539001464844,127.06654483126823,122.21667670793738,123.74923681098468,225702700
130.1510772705078,130.75247109042868,126.61067882372832,128.77371625173845,151948100
127.45452880859375,133.83695705739137,123.18665076532004,133.45866793446768,200119000
117.25037384033203,124.97136068372583,116.8817866378675,123.09931925515065,257599600
117.3280258178711,119.98575186395645,107.56039029271544,116.46474975837279,332607200
109.43241119384766,115.4171459794859,109.29661549435876,110.5284785969539,231366600
113.79729461669922,115.56264615107492,111.79915150644727,113.73909857280785,176940500
110.08231353759766,116.8818312711873,109.12204164322466,116.74603554472291,182274400
108.63705444335938,111.77007275174712,106.6971070425851,111.12988655734183,180860300
111.89617919921875,112.44906397434094,109.41304861625771,111.27539655347849,140150100
112.07076263427734,115.26197700807842,110.19871308977739,114.77699015613865,184642000
108.76313018798828,112.51693044540818,108.67583612168845,111.77005407703663,154679000
107.02688598632812,108.83103751673956,105.44583164529507,106.42550707639862,178011000
103.63196563720703,107.55065948223604,102.90448550905262,107.08507634439113,287104900
106.77468872070312,106.88138640178967,100.00427017683465,101.40103443810513,195713800
108.45275115966797,109.47122644967507,105.8823269140235,109.29663089711133,183055400
103.90357971191406,108.74374613747926,103.56408301527631,108.2684611226227,150718700
104.97055053710938,106.93959588038079,101.84723417179123,102.01212791770884,167743300
108.90864562988281,109.06384497371614,104.4370662899755,105.17424837255975,149981400
111.50816345214844,111.85735453793174,109.39362072171006,111.5566650919616,137672400
110.66429901123047,111.84766814275456,110.1599159291002,111.11049343812664,99382200
112.33263397216797,113.73910005377913,110.20839693905525,110.37329066576835,142675200
113.28321838378906,114.18529413378772,112.35204460964711,114.10769446919807,116120400
109.62641143798828,111.90585528542881,108.85043700934379,109.50031753591523,144712000
113.0019302368164,113.14742776439395,110.14051092914185,110.4897020352033,106243800
109.76221466064453,112.63333559022071,108.87953514429641,112.22594105943094,161498200
111.62457275390625,112.08046156708008,110.70309331868141,111.17838574960963,96849000
111.51788330078125,112.90494606027923,111.14928853931941,112.75944851761336,83477200
113.45779418945312,113.48689220853392,111.46934568208557,111.8185367116751,100506900
120.66472625732422,121.42130453731181,115.6984583933761,116.45503667336371,240226800
117.46380615234375,121.62499394990238,116.05734733652297,121.50859444916024,262330500
117.55110931396484,119.33585728240598,116.02825097556021,117.36681195189107,150712000
117.08551025390625,117.56079523723751,114.60238025084043,115.15526489684527,112559200
115.44625854492188,117.90029805270329,115.24256497002679,117.63840102761567,115393800
112.49756622314453,116.80424492583009,112.18717489862382,116.35805785935115,120639300
113.98160552978516,115.40746797741103,112.15805033404632,112.71093501778782,124423700
113.36082458496094,115.14557257156684,112.9534300225298,113.16682541230045,89946000
112.27445220947266,114.49569279996962,111.14927920105526,113.92340448698165,101988000
111.58577728271484,113.05043966735408,110.84859518576691,112.89524032049677,82572600
111.595458984375,113.05041929759861,109.49061077367527,110.58668561250266,111850700
113.09893035888672,113.75851276167866,111.10078693291935,112.02225897491293,92276800
107.86105346679688,111.9640447506843,107.76405759395712,111.5954574737689,143937800
111.85737609863281,113.41903447764516,108.83105523861934,108.99595640558233,146129200
105.5913314819336,108.6273463236584,104.48556211975591,107.72527053869118,190272600
105.50402069091797,107.35667373960923,104.09756199136386,105.8338155489353,122866900
107.1239013671875,108.14236934595198,105.46524717293197,106.3673230400161,107624400
111.49845886230469,112.11924135480659,108.97652906147681,110.71278263905,138235500
115.45596313476562,116.02825144019144,113.36082388514865,114.40838980980128,126387100
115.32479095458984,115.8203256136095,112.83736946099638,114.96527887670223,114457900
113.02198028564453,118.53121707167843,112.75963885381937,117.083465097586,154515300
112.68191528320312,114.25597883957684,110.8940807658282,112.27382528066764,138023400
116.10209655761719,116.23812654293447,113.13857769111563,113.86731293234887,112295000
115.83003234863281,117.11260602974937,115.20817889191434,116.22841115754073,103162300
115.8786392211914,116.27701069114,114.52805029862242,116.0535360017511,81581900
116.88915252685547,117.55958400464418,114.80010971790968,115.54827474511946,91183000
116.00495147705078,117.24865863043144,115.58714291023577,116.16041857776305,74271000
114.68348693847656,116.42273584755772,114.65433871642078,115.24704394181461,76322100
115.2762222290039,115.68431227037438,113.49810608907285,114.25598971249795,74113000
114.0130615234375,115.40251710432108,113.96448361868471,115.27620565626937,73604300
110.62200164794922,114.28511473034199,110.52483843743296,113.85758770837712,127959300
111.90460205078125,112.56532241854126,109.39775058959653,110.68033196208322,113874200
112.740234375,113.43982161301038,111.90461710882988,112.27384782504679,76499200
113.28433990478516,114.15882383972767,112.92483519653295,113.26491022315516,46691300
115.6745834350586,117.54014397849063,113.49808872130923,113.65355580646789,169410200
119.24052429199219,119.96925956195165,116.60736173944143,117.57900876605405,127728200
119.5903091430664,119.87208764992158,117.46239993689542,118.56035832864589,89004200
119.45429229736328,120.27047227200518,118.74498667961886,120.0178419599632,78967600
118.78385925292969,119.3765645833526,118.07455360054387,119.12393425897255,78260400
120.24134063720703,121.03809104227989,118.78386984160453,118.84216630124308,86712000
120.85344696044922,121.43644107050238,119.6000214847598,120.84373582820557,82225500
118.32719421386719,122.37896123763355,117.56931058790569,120.99922399995596,115089200
119.74578857421875,120.35793100204793,116.74340254220034,117.08347755039478,81312200
118.9393310546875,119.27940607418536,117.13206676469383,118.95876073591047,86939800
118.32719421386719,119.85268001340195,118.0940009627436,119.12394461719592,79184500
124.25421905517578,124.27365614702585,120.610542706532,120.81458769248664,157243700
124.18622589111328,124.73034594931227,122.97166689471923,123.79757294273104,98208600
125.05097198486328,125.90602613060179,124.40968137555939,125.24529842903367,94359800
123.06881713867188,125.43963827870924,122.54412684965975,125.30360828671483,192541500
124.59429931640625,124.67203286094654,119.94982751976666,121.47531311924551,121251600
128.14085388183594,130.59912042639044,125.97406967366213,127.87850495293172,168904800
127.24691009521484,128.67521768491736,127.07200590849821,128.4128836440795,88223700
128.22825622558594,129.67601559807733,127.38292807699283,127.59669160383469,54930100
132.81442260742188,133.44598718799116,129.7245776284665,130.19097883452193,124486200
131.0460205078125,134.85487480481046,130.53104880605997,134.1358655444837,121047300
129.92868041992188,132.13432398091498,129.6177461619134,131.73594502265215,96452100
128.92784118652344,130.9197204767935,127.98534242224186,130.27842990655225,99116600
125.74085998535156,129.82177500940742,123.16599358092327,129.73433032505793,143301900
127.29547119140625,128.0047841932833,124.78862009202955,125.2355842462787,97664900
123.01053619384766,127.33437075749549,122.79677262000745,124.09878374563415,155088000
127.20803833007812,127.89791430422592,124.23480053472447,124.72062409151188,109578200
128.30599975585938,128.86955684085643,126.53759495540402,128.67521556411702,105158200
125.32304382324219,126.47930629071162,124.85665734789745,125.52709624591981,100384500
125.14814758300781,126.01291289609365,123.26314986487158,124.85665049211372,91951100
127.17890930175781,127.72302939531502,124.84696180760955,125.10929589304283,88636800
125.25502014160156,127.2857588427231,125.10926419379747,127.09143240514113,90221800
123.53521728515625,126.52789226757409,123.39918727805356,125.12871800814145,111598500
124.20564270019531,125.06069683837403,123.340877429049,124.15705738304294,90757300
128.2865447998047,128.7335089174472,124.90521758681017,125.01209934367105,104319500
132.98934936523438,135.7099645282226,129.80234769109845,130.0064001294405,120150900
135.126953125,135.88483658611096,131.19177987621222,132.41604973812463,114459400
138.86778259277344,140.97625472972098,132.66867020571667,139.01353853335786,157611700
139.10101318359375,140.20869037046396,137.3617564370404,139.52854031294,98390600
138.03221130371094,140.20870656534407,136.42899920964183,139.363363343346,140843800
133.2030792236328,137.96415826033868,132.8241374993332,135.564189064389,142621100
128.21853637695312,132.86300755142042,126.51815423658083,131.97880528014946,177523800
130.33676147460938,131.54160940158948,127.21776727973175,129.95781964029345,106239800
131.16265869140625,132.44522526454477,130.79342801715512,131.88166811874655,83305400
130.14242553710938,131.92054165395052,129.82178018887643,131.91081569341782,89880900
133.49459838867188,133.5043095225396,130.7739834636992,132.43550657690793,84183100
133.08102416992188,133.7232731231055,132.20524094162676,133.65516390896917,75693800
133.22695922851562,133.27561713779653,131.29048728628555,132.37062753976116,71297200
132.35118103027344,134.1708861386868,132.19549648512387,132.94477197557092,76774200
131.74789428710938,133.30485887781032,130.78452077617774,132.80856880476307,73046600
131.49488830566406,132.72098784651604,130.17147291387968,132.24416393424985,64280000
131.72837829589844,131.8840776657095,130.09357945780974,130.7358282220485,60145100
129.60708618164062,132.35121823326722,129.21783758857316,131.8452173347529,80576300
127.32027435302734,128.6631557746567,125.98713342468182,127.71924852152779,97918500
126.2206802368164,126.50287241895496,123.98254952435698,125.72439023440656,96856700
126.37638092041016,127.19379548505816,125.3351725587671,126.7364377000899,87668800
122.6104736328125,126.23040308983671,122.22123254914695,124.56639727156255,103916400
122.47425842285156,123.30139120748287,115.2052066551197,120.43075171253977,158273000
121.97795867919922,122.18230857916163,118.94189453786483,121.57899194807914,111039900
117.73526000976562,123.05811336412599,117.29736837706596,121.32599812486836,148199500
117.99799346923828,121.49141551253575,117.93960247752109,119.29220956982277,164560400
124.35234069824219,124.48857398468387,119.48684497058966,120.42101925940007,116307900
121.75415802001953,125.25731317881322,121.6471165286429,124.95565484356455,102260900
118.77645874023438,122.32827149061751,118.56237577745944,121.45248092660913,112966300
116.89836883544922,120.27502322512267,115.42899483365645,118.47479173492613,178155000
118.1536636352539,118.65967920784315,114.40723445087357,117.72550517862675,153766600
113.22980499267578,117.74498394850409,113.08383865170997,117.67686731260757,154376600
117.83255004882812,118.77645723226702,115.59442688495044,115.827968557669,129525800
116.75242614746094,118.88350799775948,116.23667741969722,118.41642461584055,111943300
118.67916870117188,119.89554261056912,117.99800228157227,119.24356797692991,103026500
117.774169921875,117.91040318694742,115.95447955662657,117.16112022904915,88105100
120.65453338623047,120.66426645422422,117.18057052802266,118.14394380720245,92403800
122.1920394897461,123.79765430298438,121.36490683570095,122.31853968534864,115227900
121.40383911132812,122.47424657756945,119.04893377660937,120.71293967926185,111932600
117.28762817382812,119.86634216018179,117.08327826271949,119.57440947336566,121229700
116.76216888427734,118.16343408346621,116.46051051329101,116.67459352140682,185549500
120.0706787109375,120.53776947303844,117.02488167357409,117.09299830303091,111912300
119.24356079101562,120.89782623844285,118.8543196786337,120.0123099463268,95467100
116.85946655273438,119.5938800533793,116.8400078374971,119.51603034411634,88530500
117.34601593017578,118.38723908571315,115.79879193762964,116.32426633816141,98844700
117.94933319091797,118.21207408800578,115.72093550893463,117.11246742653448,94071200
118.12449645996094,119.28248673827066,117.48225492917581,118.3775042989523,80819200
116.6745834350586,117.16113298447573,115.66255948137214,116.87893335491496,85671900
118.86405181884766,120.19719278132602,117.89095275757859,118.37750228821312,118323800
119.6911849975586,120.8394421912494,119.19490239563412,120.33343394406754,75089100
122.51319122314453,122.76619909485518,119.75931869504464,120.53780102761998,88651200
122.81481170654297,123.71006091586875,122.26987869637169,123.09701127942607,80171300
124.4593734741211,124.47883218903853,121.77361794195266,122.44505868103397,83466700
126.85316467285156,126.88235645002487,125.06266638077538,125.48109175246618,88844600
129.4221649169922,129.4610823431084,125.987126690143,126.3082511367721,106686700
127.70950317382812,129.27619297458608,127.1159122592972,128.95506856033387,91420000
130.81369018554688,131.0375136441806,128.38094270892825,128.87723269707828,91266500
128.47824096679688,131.36834576141277,128.11819914098413,131.3099622056929,87222800
130.8817901611328,131.3683395669363,130.04492458921848,130.22009009642866,89347100
130.55096435546875,131.04723949609195,129.69463249088383,130.6871976204425,84922400
131.21261596679688,131.82567285637538,129.75296801889132,129.9183930045238,94264200
129.5292205810547,131.88411859918818,128.2641887932471,131.38784340823202,94812300
129.90869140625,130.15196610925796,127.76787698944187,128.7993593544661,68847100
128.39073181152344,130.54127308001176,127.87499033908138,129.46113219751052,84566500
130.70668029785156,131.48514771146148,128.60478264515086,128.60478264515086,78657500
131.09591674804688,131.42676689058607,129.9671181870508,131.20295824690538,66905100
130.77479553222656,131.76736083305914,130.5023289552631,131.3781122600293,66015800
129.986572265625,131.3878372667235,129.50002274292763,130.69693041123548,107760100
129.8892364501953,133.38267277073504,128.88694577541443,132.79880749394718,151101000
127.92362976074219,129.96712921001927,127.54412165956818,128.2350137894491,109839500
128.9745330810547,130.46338819019584,128.28364111599663,128.48798358801744,75135100
124.41071319580078,127.95280060042849,123.29164779323206,127.66086791309522,137564700
124.65399169921875,126.94076551104096,124.5274840738415,125.72439172337612,84000900
126.24986267089844,126.25958831497178,123.71006640231249,124.44962368045476,78128300
126.9224624633789,127.9459401484153,126.21088280565189,127.54630313860244,78973300
123.64727783203125,126.26935540308767,123.60828686336556,126.14264776926625,88071200
122.73101806640625,123.08192191649415,119.67029018955704,120.38186236478138,126142800
119.6702880859375,121.4930768252382,119.16342036759427,120.28438654552215,112172300
121.81475067138672,122.96495825371117,121.12267768901388,121.43459801116457,105861300
124.23213195800781,124.66102519199373,122.67253033910511,123.06243260302256,81918000
123.0819320678711,123.72527195908786,122.00970635261075,123.61804864388507,74244600
121.69776916503906,123.78373756646234,121.62953683178752,123.36459396598383,63342900
121.54180908203125,121.76599784022277,119.75801143334377,120.05043995950335,92612000
124.09565734863281,124.49530918227134,121.94145662294912,122.06817912472063,76857100
122.26313781738281,124.76825004025154,122.04869119774337,124.59279439116175,79295400
123.8909683227539,124.70976380781524,122.76025995557121,122.82849229292907,63092900
123.69602966308594,125.08018314804377,123.13067172111496,124.59279971373591,72009500
123.64727783203125,124.17364475386753,123.22813421483384,123.75450113667013,56575900
122.11690521240234,124.41732007226534,121.92195782567474,123.24762087836753,94625600
121.46383666992188,122.62379382802953,121.4053539348129,122.39959761550023,71311100
121.14215850830078,122.1851426884376,120.81074644955004,121.92196296159237,67637100
121.9024429321289,122.07789853230334,120.91794908809499,121.14213781029473,59278900
120.42085266113281,121.6977752920281,120.02120080570538,121.53206925104124,76229200
122.71153259277344,122.97471980574441,120.72303755703825,120.93748419375007,75169300
122.72127532958984,123.13066937489863,121.67829101219802,122.9844550910691,71057600
123.54005432128906,125.21663622404847,123.02343700167279,123.4035896495703,74403800
123.92020416259766,124.52455300706954,123.32560491924683,123.99818609803275,56877900
122.92594909667969,124.95343460907164,122.7602430768465,123.81296936037242,71186400
124.13465118408203,124.22238272093318,122.91621132668672,123.33535493510138,53522400
127.18560791015625,127.24409063710856,123.86170821216966,124.592772046137,96906500
126.3668441772461,127.30261260822043,126.12315618593904,126.65927274152149,62746300
126.86395263671875,127.58527439037435,125.2166344350542,127.07839924257492,91815000
128.46255493164062,129.20337594415264,126.37658632134162,126.52280804022224,96721700
127.16614532470703,128.1896229684165,126.95169870686416,127.40983331102534,108953300
128.95968627929688,129.06690958900398,125.9477063159808,127.01018237446559,79663300
130.59725952148438,130.69474066397615,128.29684436989922,128.7939773736595,74783600
130.32432556152344,130.92868185123652,129.8661909803765,130.39256533356104,60214200
130.04164123535156,131.24058178501798,129.57374966230876,131.0553765632134,68711000
129.74923706054688,130.50954241745376,129.4568084909208,130.09040620403312,70783700
131.37704467773438,131.83517920756188,129.9831567614525,130.04163948891443,62111300
132.887939453125,133.04390333984907,130.95793469390316,131.39657011097157,64556100
133.5020294189453,133.9406648079474,132.43953852296474,132.73196707347742,63261400
133.80419921875,133.86268195374564,132.3323143115352,133.15111722207564,52485800
136.42628479003906,136.46526832234767,134.27207651002422,134.41828334809892,78852600
138.4342498779297,139.53570925876045,136.53348691022637,136.53348691022637,108181800
140.91989135742188,141.23180423568894,139.0581116318865,139.91588320227135,104911600
139.6234588623047,140.42274763655988,137.11833949517367,138.00536723887996,105575500
141.4462890625,141.97264869395812,139.04839216165382,139.14587332881246,99890800
140.8516082763672,142.62566335381342,140.36423246918253,142.5184400812916,76299700
141.96287536621094,143.7369310790402,140.00362927408963,140.39352411006757,100827100
145.38426208496094,145.79367103404422,143.95137538377713,144.36078433286042,127050800
144.7311553955078,146.21278242197315,143.37625087333885,145.47197634550716,106820300
142.69393920898438,145.97884856339024,142.1968210625346,144.7116829108476,93251400
138.85340881347656,140.43251704679776,138.0931035014654,140.12058929133983,121434600
142.45999145507812,143.38601770583355,139.35054523026795,139.83792120496685,96350000
141.72889709472656,142.4404765741107,140.97834896361408,141.8556195804996,74993500
143.09359741210938,144.4582442706814,142.12858757198936,142.2553100922622,77338200
144.8091583251953,144.96512221870486,143.21056560056124,143.8246641352954,71447400
145.22830200195312,146.04709009069717,143.97086362595675,144.52647939059113,72434100
143.06431579589844,145.44271240050767,141.8751174935938,145.35497344078965,104818600
141.3195037841797,143.25926511063363,138.9411071473103,141.1537977724019,118931200
141.96287536621094,142.84990322262558,140.92964066468824,141.03686397561236,56699500
142.1772918701172,142.63542638578699,140.4714762953773,140.73466343435456,70440600
141.84588623046875,143.23977416644965,141.5826990796388,142.66467417357075,62880000
143.63943481445312,144.30225894055675,141.51446802349406,142.12856645538005,64786600
143.2397918701172,144.058579914417,142.58670986762564,143.5517196242508,56368300
143.3469696044922,144.10727467156428,142.4794412652161,143.26898769075027,46397700
142.66368103027344,143.61060825982952,142.16581806356817,142.86869219057516,54126800
142.61483764648438,143.210327688173,142.0584044347056,142.72222158501236,48908700
142.13650512695312,144.19631350606738,141.84363848192044,142.9565198163916,69023100
142.3903350830078,143.2298783064216,142.06818321748432,142.57581781429272,48493500
145.34825134277344,145.50444888855472,142.37080079552103,142.7124810649403,72282600
145.55325317382812,145.88516176552068,144.74299521470792,145.42634081402107,59375000
147.5252227783203,147.59356480078714,142.9858407795006,145.00659283395282,103296000
146.6173553466797,148.07190241442922,145.54351565601462,146.65639729187643,92229700
142.87841796875,147.13470375005627,142.6734068529053,146.2365903149313,86326000
143.21034240722656,144.4794213850425,141.0626783117476,141.5800696426097,86960300
144.66490173339844,144.9675251601663,143.28843882859866,143.9327425154178,60549600
146.1487579345703,146.61733569322215,144.37204430196212,144.7820517027598,60131800
146.06088256835938,147.27139120779157,145.60206158624175,145.89492826143862,48606400
144.8308563232422,146.74423897086186,144.28417982272728,146.24636116832204,58991300
144.0303497314453,145.57276688380205,144.00106455542348,144.82109417148567,48597200
145.0651397705078,145.21156564308194,143.33723999505236,143.97177197062845,55802400
149.4775848388672,149.8387934277518,145.07487384085252,145.45559594581775,90956700
148.21835327148438,149.1652806367618,147.6911901527622,149.02861147557854,86453100
148.88214111328125,151.29338682527435,148.71618680019012,149.19453621732464,80313700
149.99501037597656,151.03956466217258,148.77474502994417,150.20977826854366,71115500
150.6295623779297,150.9517142276546,149.44833892893834,150.10239938899159,57808700
152.9627227783203,153.51915609845358,150.71743128739138,151.28363626481305,82278300
151.4202880859375,153.30437064554417,150.31716343749,153.24580029178898,74420200
150.405029296875,152.39649574316758,150.2878736971047,151.7912489116524,57305700
145.42633056640625,151.7814665359228,145.16274910531013,151.3128888573864,140893200
145.9925537109375,147.81806596111582,145.21158088499752,147.04686479158386,102404300
144.5965576171875,147.4763957492906,143.4153491043727,146.7735217186003,109296300
145.4849090576172,145.88515965134906,142.88818092204215,145.02608811276684,83281300
145.2506103515625,145.4263362978241,143.71796490468603,144.90894501042473,68034100
142.58558654785156,145.27994241453277,142.29271983680104,145.27994241453277,129868800
139.53981018066406,141.39460787991925,137.909537174392,140.37935348466607,123478900
140.0181427001953,141.16032435989862,139.38361057442205,140.50624891873463,75834000
142.3805694580078,142.94675948187773,140.28170408222925,141.01386330488788,76404300
143.3372344970703,143.58128753921014,142.17553963315416,143.16150856090553,64838200
143.4250946044922,143.96201429353556,142.09744541695585,142.19507259526048,53477900
141.91197204589844,142.48794860245857,140.39885495340664,142.00959923062172,74150700
138.53431701660156,141.3067568929059,138.31954907870838,139.8424381686271,108972300
139.43240356445312,141.0138627120859,138.6514307510702,139.08096654322168,74602000
138.13401794433594,140.94551367693097,137.91925008166186,140.2426397437822,89056700
139.25668334960938,139.5202648503588,135.80089824481317,138.52452409983053,94639600
135.83021545410156,138.82719517325862,134.98091529074117,138.38788760314102,98322000
137.7533416748047,138.85646652806082,136.04496985928344,136.17188224652747,80861100
138.62216186523438,138.76858776803195,135.07850605934124,136.15234566592073,83221100
139.88145446777344,140.7893396562003,139.32502120039112,139.65692980871162,61732700
139.500732421875,140.7502829805711,139.16882381318146,140.60385709315267,58773200
139.41290283203125,141.3653278052875,138.43669034540312,138.88575464341304,64452200
138.14382934570312,139.8424445053315,137.68500826630617,139.82291608395988,73035900
137.55810546875,138.03644005527403,135.88877555756454,137.8802573777795,78762700
140.34027099609375,140.45742659800283,138.14379338196727,138.7295267040612,69907100
141.3946075439453,141.45317790755652,140.09624319922384,140.35006796929892,67940300
143.06390380859375,143.34699879821167,139.75454497889402,140.03763996851194,85589200
145.2213592529297,145.62160993395176,143.06393807186709,143.51298745891924,76378900
145.70944213867188,146.18779152686344,144.59656071553547,145.16276563549152,58418800
145.9241943359375,146.08039186170322,144.35249211048287,145.2701339545865,61421000
145.15301513671875,146.6075619891813,145.1042015405824,146.12922747617256,58883400
145.1041717529297,145.81680244360976,144.10843120026792,145.14321368433312,50720600
145.76800537109375,147.25183711393476,145.465367092144,145.77776213009912,60893400
145.3092041015625,146.16826078037482,144.95776708428832,145.80706700277705,56094900
148.9407196044922,149.52643805425132,146.1585085567286,146.256135746264,100077900
146.23663330078125,146.37330245291255,142.92727357091124,143.718003300801,124953200
145.41659545898438,146.1389830509936,144.28418557941234,145.44588063726485,74588300
146.45138549804688,147.96451766703325,145.11396440756303,145.12373606469237,69122000
147.88641357421875,148.35499132920407,146.25614074482093,146.81257403590004,54511500
147.3690643310547,148.80408318474133,147.05666914125726,147.97431139150908,60394600
147.89695739746094,148.7963818494452,146.70423879606528,148.49331669815876,65463900
147.07574462890625,148.18047945260236,146.80200740282297,148.02405391839477,55020900
147.43743896484375,148.0435691533501,146.70421118808,146.84107977637362,56787900
144.61209106445312,146.77267581374304,144.54366421842147,146.6651351263565,65187100
144.5631561279297,146.0882672259821,144.37740273975967,145.62879163097531,41000000
146.63575744628906,147.0365772200293,144.18187938974896,145.11063141972008,63804000
146.64553833007812,148.48350051743287,146.08827812399716,147.00725921767452,59222800
147.62319946289062,148.102247003654,146.00031832566742,146.58690654221206,59256200
150.05751037597656,151.53373689410836,147.61341784542643,147.62318884522813,88807000
154.33953857421875,155.12165110785514,149.62733629184328,150.27258025090998,137827700
156.95960998535156,157.41910052968012,153.02950540265965,154.12445397592487,117305600
157.41909790039062,161.99443143444842,157.39954098546454,158.064326917399,117467900
157.8004150390625,158.18169292863084,155.502961782972,157.51689191338718,96041900
158.31857299804688,158.5140974575523,156.07000441983408,157.1551823252834,69463600
153.30325317382812,156.8618512011978,152.86331951425362,156.0015407986573,76959800
156.65655517578125,157.58530732404222,155.23896961955737,155.8060008585356,88748200
161.60340881347656,161.8184901598309,156.34371666317804,156.41215841772612,174048100
161.08529663085938,166.49162952296948,160.85065831650064,163.7346852701077,152052500
160.09786987304688,160.52803264766237,154.27116024660182,155.19014164372396,136739200
158.22076416015625,161.27100166043388,156.14817855062066,160.35202051883033,118023100
161.6229705810547,164.12571914002814,160.6062196554979,160.61599065605895,107497000
167.35186767578125,167.74293136363414,164.57538262102042,165.2988392553825,120405400
171.16470336914062,172.02502878126478,166.88264814477856,168.2806769394803,116998900
170.65634155273438,172.7973693361273,170.03065436230736,170.9985205283445,108923700
175.43698120117188,175.61296364291238,170.78343380069845,171.29180928871014,115402700
171.80996704101562,178.05706815750167,171.6046566651188,177.0696450374433,153237000
170.4314727783203,173.76521877848376,168.35888695654498,171.33089709564845,139380400
175.2903289794922,175.48585340924998,168.4566405154073,171.19402728468987,131063300
168.40773010253906,177.08915070687198,166.93150372687032,175.27074544292535,150185800
167.31280517578125,169.59070130648584,165.89523442801953,166.12985777423478,195432700
165.9539031982422,166.76534380811088,163.71512072913166,164.51677542044033,107499100
169.12144470214844,169.3267401361631,165.3379790393109,167.72341591348743,91185900
171.7122039794922,171.92728536537462,168.30024464668514,169.1703411922784,92135300
172.33787536621094,172.8951357013555,171.35046721642092,171.9174985527305,68356600
176.2972869873047,176.38527073958,173.11019564746687,173.12973764737882,74919600
175.28057861328125,177.27496698697752,174.537579662478,176.13113317745794,79144300
175.36854553222656,176.59059189162147,174.15627017338588,175.31966069433915,62348900
174.21495056152344,176.53196092937984,174.10740987004013,175.4565540145469,59773000
173.59902954101562,175.2218958133562,173.29594950484335,174.1073900997929,64062300
177.93971252441406,178.79026689432098,173.73588518068755,173.85319685203027,104487900
175.68141174316406,178.84896181974315,175.11438034514651,178.5458966574974,99310400
171.00827026367188,176.14086475419518,170.73453308424857,175.59339039534856,94537600
168.15359497070312,171.37980064842037,167.80164498917833,168.83793801323478,96904000
168.3197784423828,170.24572473108867,167.2052727402814,169.02367835082143,86709100
168.3393096923828,168.64237476166727,164.4092049558039,165.29885816519484,106765600
171.16470336914062,171.26245812752686,166.99997473942338,168.46643037323963,76138300
171.60464477539062,173.21774007794218,170.91053076473975,172.18144710369126,74805200
168.3393096923828,172.67023424322653,167.94824595979313,171.8490227811223,84505800
169.19967651367188,169.8937905683483,167.2639441267619,167.508353425533,80440800
166.00277709960938,168.6814931182034,165.6214992398613,167.67452813175186,90956700
162.51258850097656,167.2541337478389,162.22908034487583,166.1982840356235,94815000
160.83106994628906,165.8854518373375,160.50844792121475,163.24583471657064,91420500
158.778076171875,162.61041256635795,158.67053547305395,160.74312175844747,122848900
158.0056915283203,158.67049246380245,151.2404450916643,156.44148123567246,162294600
156.20681762695312,159.12017131763488,153.50854524070638,155.42470514878522,115798400
156.11886596679688,160.7137572085088,154.29068942101793,159.84366081362626,108275300
155.6593475341797,160.1760252131081,154.7403664665498,158.81711052646853,121954600
166.5209197998047,166.5404767176366,159.1593140383979,162.0042414218655,179935700
170.87142944335938,171.08651082179728,165.71927719769477,166.3547503312831,115541600
170.7052001953125,170.93005253238587,168.4566320719076,170.1186120178827,86213900
171.9076690673828,171.94678289724823,169.45380581653876,170.84204842565634,84914300
169.033447265625,172.29876649074853,168.27089152715305,170.57811566132818,89418100
168.7495574951172,170.42345318106436,167.07566180917001,168.05454433189513,82465400
168.0349884033203,170.27662295458384,167.3399751947351,169.20964451994723,77251200
171.13804626464844,171.64706939744136,167.80983647215697,168.1035042386361,74829200
172.55743408203125,172.91961588647231,171.20657123174874,172.3322952525055,71285000
168.4852752685547,171.7743215374217,167.92731993059743,170.4626223841964,90865900
165.07876586914062,169.42500712943504,164.49143031742815,168.6908451580762,98670700
165.31369018554688,165.99890498473425,163.04267549502603,163.83556797241158,86185500
169.14111328125,169.29773807776493,166.654758116967,167.35955476472148,62527400
168.9062042236328,169.67951494494773,166.45899759893967,168.2209893560315,61177400
165.31369018554688,168.27970312361404,164.91234475439344,167.41828169802858,69589300
163.7670440673828,166.93861378532614,162.68048390268257,166.23383213199764,82772700
160.85000610351562,163.16995323151656,158.72581758393332,161.49605730830203,91162800
156.68972778320312,162.64132019491717,156.37647821597528,162.0442012768804,90009200
159.30335998535156,159.4110376690062,148.79015546543386,149.35790916683425,141147500
161.36878967285156,161.6330771993794,157.472826482258,160.38010876655954,91974200
161.63308715820312,161.92675492011216,158.99989062280463,159.61659142915732,95056600
159.75364685058594,163.0818568508139,158.5496253630897,161.22197083806662,83474400
163.0426788330078,163.82578787806702,159.50891214996344,160.91850544375748,79724800
162.7196502685547,165.3430634011942,162.05401727070716,164.91235266773373,76678400
159.72427368164062,162.05401907314567,158.67687705595137,161.01640589639365,83737200
155.93603515625,161.53524604361925,155.68151606537282,159.91029698865853,96418800
154.11526489257812,159.4403881412621,152.50989817230385,155.4661275372027,131148300
159.50894165039062,159.95923428896205,156.04370327606966,158.06998280822745,91454900
155.17250061035156,157.00300660733848,152.6861300144377,156.81701649151432,105342000
151.46249389648438,155.91641251914996,151.23735509056115,155.57379764949783,96970100
147.43931579589844,150.86540543880508,146.93030751756515,148.25179027503273,108732100
151.81491088867188,152.28478532825997,147.20438184151632,147.713390079557,92964300
156.21987915039062,156.6212246232631,151.19822129277074,153.73352378158447,102300200
157.22811889648438,157.60009906528276,154.30126947324382,155.2605702418383,75615400
160.51719665527344,161.00663805311925,156.3863100625295,157.12047215929823,123511700
161.88763427734375,162.8371517415441,159.5676719986422,160.0571133745572,95811400
165.2550048828125,165.84232561301783,161.42756947089018,162.0148902010955,81532000
166.6156463623047,168.99432437394225,164.1096938716203,164.44252537221885,98062700
170.3941192626953,170.46263328488442,166.61563143205333,167.4476727675763,90131400
171.03036499023438,171.578536843318,169.10196511927478,170.20810721060892,80546200
171.89178466796875,172.019029244763,168.36780145361686,168.53420969754978,90371900
175.1808624267578,175.22979461470234,172.61617948078282,172.95879441578631,100589400
174.01596069335938,175.8171010585222,172.96854916161706,174.77948791199498,92633200
170.9226837158203,174.2704602652505,170.71711180695456,174.08447018974397,103049300
170.62904357910156,171.18701389593227,168.30909632537671,170.35495761395958,78751300
174.67185974121094,174.72080687147195,170.7563283054037,170.8835878567689,76468400
171.36322021484375,174.53480585728352,170.7367358216346,173.75169663163055,73401800
168.20138549804688,169.96337702443967,166.53728819844997,168.72019203962893,89058800
168.50486755371094,169.69910564386342,166.26323274049562,167.54556668896316,77594700
166.49813842773438,168.1524524173325,165.62693350816983,168.1524524173325,76575500
162.2498016357422,165.4605355802755,162.00508096962494,165.14730089465874,72246700
164.1195068359375,166.28282963086016,163.12104211859076,164.47190526932062,79265200
166.8015899658203,167.42807423573976,163.24825626550125,163.8551587010773,70618900
161.79953002929688,167.65325987659003,161.55480933143042,167.01697710019764,75329400
161.58416748046875,163.08185675186522,160.11584349387897,160.45844346214486,69023900
163.8649444580078,164.2760883021938,160.44865367684753,161.53521398147984,67723800
163.69851684570312,165.31368193809578,162.59238977382873,165.19620588083708,67929800
162.90560913085938,167.90769885113028,162.40638447815172,165.34303171267726,87227800
158.3734130859375,164.32502122927878,158.08954369720692,162.94480808191494,84882400
159.4404296875,159.72429911751857,155.11376965466397,157.71758646013552,96046400
153.4888153076172,158.91181906878418,153.4105028966986,158.82372320771267,95623200
153.26365661621094,156.41564486229873,152.0987839265491,152.61759051221244,88063200
160.18435668945312,161.04577820352466,155.57381282317428,155.88706244158715,130216800
154.3208465576172,162.69029635210208,153.92929946524063,158.42236732431553,131747600
154.6243133544922,154.88860092145774,150.0333512355366,153.4007100151784,123055300
156.11216735839844,157.31620351399488,153.0189101995976,154.81025192073247,88966500
162.5141143798828,162.96439206944154,155.89685759161674,156.29820309411934,108256500
153.45941162109375,160.61504020896953,151.6778383257631,160.38990141926735,130525300
154.1848602294922,156.30235682996496,151.1458596477854,152.93984857664353,116124600
149.06759643554688,152.76341048572758,148.50882129057032,151.8811126841976,131577900
151.46939086914062,153.6555174482576,149.92048190900607,152.45952464307157,115366700
143.61700439453125,152.39087300235883,142.9405806152843,150.47925033829725,142689800
139.75457763671875,143.32294594487018,136.06857557991273,139.9604516553776,182602000
144.2149658203125,145.18548861119154,140.29368337256668,141.7445536898511,113990900
142.67588806152344,144.61693408926746,141.34265112461745,142.68570084334092,86643800
146.30308532714844,146.82265416778552,143.79345144967377,145.93055862687706,78336300
138.0487823486328,144.46007380411618,137.14687404841018,143.96011558077154,109742900
134.64707946777344,138.87226008655338,133.91183880440775,137.12729010884627,136095600
134.88232421875,137.9311222550243,130.00033122355916,136.3528052981394,137426100
140.29373168945312,140.44077384848245,134.94117272312687,135.07841705772444,117726300
137.59783935546875,139.17615657107172,134.62746828487894,138.03898075989613,104132700
137.7547149658203,138.99971190055481,135.61760734755066,135.70583264997845,92482700
140.95054626464844,141.49952360823445,134.44121569632296,134.68629593603174,90601500
146.69520568847656,146.73441193920726,142.4013957458045,142.5288422380691,90978500
145.9109344482422,147.69512536408004,143.95029298038025,146.13641898717157,103718400
145.7834930419922,148.7538634677618,144.77374899266687,146.9500620711425,74286600
148.23434448242188,148.29316134885798,143.96994216366954,144.92085472708317,72348100
142.51904296875,145.05807025566116,141.61714962601158,144.00911981753086,88570300
143.26405334472656,145.64624020541058,142.04845040328442,144.13653808927214,71598400
145.7834930419922,146.06777945381725,141.26421416659088,141.5092943334597,67808200
145.0482940673828,146.92069570984725,144.5581335933167,145.65608826850138,53950200
139.83299255371094,145.0384948829892,139.72515664096548,144.18562036487367,69473000
134.43138122558594,137.98993516430295,134.3627515970909,137.51938542071767,91437900
129.28469848632812,132.53935542645704,128.853354985689,130.25520640425938,122207100
130.1473846435547,131.25515193955982,128.8925752102517,130.51011351307002,84784300
132.76486206054688,134.63727870714717,129.55922325217023,131.64729675078482,91533000
127.50055694580078,129.78470685138856,126.5006252583711,129.48080971072673,108123900
128.97103881835938,130.46113104749855,127.25547692933145,127.51036998343507,134520300
133.19619750976562,134.36278178825876,130.69639115129178,130.79441426737327,81000500
132.6864471435547,135.04900927487205,131.2747825760473,132.13745484401576,73409200
135.54898071289062,135.86267563561398,132.96093402675356,134.1275183400123,72433800
138.8722381591797,139.1173183416044,137.01943257838917,137.1468641014651,89116800
138.8722381591797,140.66622688954945,138.19581446232633,139.8917651363233,70207900
134.73529052734375,140.59760460905184,134.61765682035212,139.33299738336785,67083400
136.49009704589844,137.90176176618252,133.9804775247322,134.75493953918553,66242400
134.02944946289062,135.64697266058235,131.13750634293814,134.54901824559195,98964500
136.19595336914062,136.3037892489926,132.99031531614665,133.36282702594735,71051600
138.77423095703125,138.82324999611623,134.23534018265374,135.05882114715405,73353800
140.1074676513672,141.28384979355582,138.30368070277723,138.5683715462856,74064300
143.46998596191406,143.66604717243726,140.4603932776671,140.47019110271424,66253700
144.14642333984375,144.6463967276293,142.14657466424487,142.40145279237072,64547800
142.01907348632812,143.7542455393016,140.95052737444695,142.8033331399919,63141600
142.9895782470703,145.5286052761855,142.19552087150592,142.89154019342988,77588800
142.6268768310547,143.5679764107693,139.32318560371215,140.1760748610569,71185600
145.5482177734375,146.01876752832248,140.43094244372892,141.2446104323155,78140700
147.21475219726562,147.8911758482325,145.2835192940871,146.83242773695906,76259900
144.17578125,148.58722466683977,143.81305239727462,147.77355664160174,81420900
148.0284423828125,148.25391198084102,144.01893385798232,145.0090524915063,82982400
150.02828979492188,150.6949157224323,147.41083503397257,148.1460756395822,64823400
152.2928466796875,152.50851845862235,148.94994906470606,151.45956799212024,65086600
151.05764770507812,153.20455292364784,150.3910366563313,152.33206789895848,66675400
149.94009399414062,151.98896129458768,149.28328071900498,150.97923186102722,53623900
148.61663818359375,150.0773065915356,147.83237855759032,149.2636385384265,55138700
153.70448303222656,154.2338646113094,149.1656081545016,149.57734107239523,78620700
154.25350952148438,154.53779601902812,151.37136349671525,153.89078059336344,81378700
159.31195068359375,160.40992030893383,156.36119003723385,158.06695385906744,101786900
158.33163452148438,160.37070393464464,157.72384030664722,157.84147403635484,67829400
156.8611297607422,159.2139087149108,156.48861801917639,156.94937000342367,59907000
162.8607177734375,163.311657015849,157.58658648416494,157.67481177613547,82507500
162.5469970703125,163.89984462441896,161.19414951620604,162.7430582477967,55474100
162.32119750976562,162.8120387299593,160.0142377831412,160.22039768650808,56697000
161.85003662109375,164.73618641729826,161.19231095001098,163.32256080452132,60276900
161.89910888671875,162.78263230320212,160.25970057725633,161.0156004495246,63135500
166.1399688720703,166.23812814464867,163.8428202002786,164.60853143111325,70170500
165.40371704101562,167.85792369494868,165.10920924668594,166.94495103045548,57149200
168.94757080078125,169.01628078921996,166.29701596444957,166.70933581222894,68039400
170.0176239013672,170.21395743937939,168.21133138479297,168.37821564106778,54091700
169.8605499267578,170.52810192661653,168.51564947224608,169.61512926108554,56377100
171.35267639160156,172.92335934005538,169.4089493149704,169.60528281111644,79542000
170.9600067138672,171.69626861182405,169.94887490568271,170.5673396933382,62290100
168.378173828125,170.55751001123525,168.1720139278697,169.8605088981945,70346300
164.50054931640625,166.74859572706774,164.0784180378036,166.58171149389958,69026800
164.16676330566406,165.61966421752064,163.59738564765863,164.01951691966545,54147100
164.46128845214844,165.03066617037743,163.2047358944321,164.25514348994625,53841500
166.91549682617188,167.0234825149317,165.26627719342727,165.68839353539587,51218200
160.62289428710938,167.91680343416758,160.56399573070382,167.44560000363606,78961000
158.4239501953125,159.91609703205498,156.89252766433086,158.19815240165843,73314000
155.99916076660156,159.58229569538483,154.83095626158936,159.1601794345339,77906200
154.3401336669922,157.63858767600124,154.2615972644816,157.3735291899389,87991100
155.06658935546875,155.5181549609377,151.83684522830168,153.77076113952282,74229900
152.95596313476562,157.42262194968552,152.13135334781393,156.82379496598037,76957800
151.69940185546875,154.21250676362826,150.8747921160952,153.60386838160778,73714800
153.10321044921875,153.80019664109167,150.7962505650505,151.98409298992328,87449600
151.63072204589844,153.4959132532277,149.88331299426738,151.80741774838046,84923800
154.48736572265625,154.92913481819144,151.91536244109605,152.62217501880943,68028800
160.43637084960938,161.2511691580026,156.38203213199495,156.6667134786447,104956000
151.02207946777344,157.59935128029267,150.56068735003652,156.9710748828432,122656600
152.46510314941406,154.22232317214238,150.79624593389804,151.95462406702927,87965400
149.57896423339844,152.39640331677907,148.6071081028978,151.81719923234522,90481100
147.9395751953125,148.57767791761873,145.6522527794473,148.4402429431555,162278800
151.6503143310547,151.7288507316376,146.36887246061372,146.57501740526791,81474200
154.02598571777344,155.1843789131033,150.2759661753886,150.5900968013731,107689800
150.90426635742188,155.8323177224437,150.78646922639234,154.45795295017905,101696800
149.94223022460938,151.6405372059972,148.1457489754599,149.58882383167358,86652500
147.67449951171875,148.6954577569954,145.83875792782328,148.42058784002563,96029900
148.00831604003906,150.95336436223522,146.89900971197227,146.91864756165486,93339400
148.9801483154297,151.88593544780034,147.20330517830297,149.9422080635759,84442700
147.09532165527344,147.8806707549768,142.1869085062377,144.93562286555536,146691400
139.8701629638672,144.032503482396,138.10313090509123,143.42386493187522,128138200
135.66851806640625,140.4787712884576,135.47218456289696,138.69210195416497,124925300
139.84071350097656,140.44936703001858,135.16790871082608,135.67838796700266,114311700
143.423828125,143.54162523892447,141.61752082886468,142.3734205948832,87830100
143.71832275390625,144.6803824609242,140.39041942925496,141.43101553965928,79471000
142.76612854003906,144.83747993609245,142.5599835315962,143.13917281341946,68402200
137.52391052246094,140.47878470691822,136.8956342636469,139.9290298735793,85925600
137.84788513183594,139.29095992216133,136.03178109548642,137.84788513183594,74899000
136.43423461914062,138.76083241469453,135.68816128454225,137.33738075448184,77033700
135.80596923828125,137.78897231294513,135.62927355780315,136.58150689181417,70433700
140.37078857421875,140.95978909716513,131.90867508719168,132.51732843397534,113224000
135.84523010253906,141.87276009592642,135.65870802953629,141.66660017858484,88598000
139.80140686035156,140.28242169324201,137.70060693296034,138.48595592005591,85250900
141.11691284179688,144.01287431817016,138.03442922306775,142.82504643152265,99136600
141.22486877441406,142.29489928414645,138.90809708603376,139.09461918905455,61758300
140.76344299316406,143.21764906737312,140.03699260265552,140.40022528755236,64522000
144.57240295410156,145.1417806685085,140.03701908535325,140.25299045906925,86548600
146.71243286132812,147.47814394112922,143.32563155001017,144.49383601206912,75981900
149.54953002929688,149.69679141311283,146.62411995147127,147.34074408565283,74732300
146.61428833007812,149.20592954793565,145.32827166402765,148.19479776463467,88194300
142.1476593017578,146.3198108162611,141.48993368404496,145.35776595535313,109180200
152.8872528076172,154.61500878306214,145.11232844918345,145.4853576495381,164762400
150.53121948242188,151.41474288743174,149.13723186575905,150.35452378899333,97943200
147.89048767089844,152.60256746450293,146.39834080336652,152.23934967138234,80379300
142.3734130859375,149.38262560122348,142.34396380900958,146.22160672381153,93604600
136.33609008789062,140.1842842462697,136.2084665510831,139.45783369878677,97918500
136.07057189941406,140.28896920604143,132.1373281619349,139.71864706361086,140814800
136.6015625,136.827719829141,133.40580174577732,134.82177198830993,83374600
137.17189025878906,139.06967336647747,135.19544046730184,138.06670690734794,89908500
132.61917114257812,136.23776400792798,132.34384521853534,136.18859544917657,74917800
144.41888427734375,144.41888427734375,137.17188688278108,138.88285345399055,118854000
147.20167541503906,147.5064994693465,141.9606252113591,143.3864383750097,93979700
145.80535888671875,147.77198095425382,144.96953850636208,146.48384590068005,73374100
147.53598022460938,151.02673737922098,146.08068410249945,149.67960607049233,89868300
146.30682373046875,147.36880131400713,144.83185736513215,146.6411608430867,64218300
148.2046661376953,148.95197725260945,143.71092672522755,143.98625266251898,80389400
148.76515197753906,150.1516244369956,147.46718893347042,149.7681336507777,74829600
145.53988647460938,147.8605015253363,145.25473282614936,147.6540145740021,58724100
147.67364501953125,147.9096450709946,144.47788413446048,145.65786938764137,51804100
148.548828125,149.29613922514196,146.84768896962234,146.95585380028717,58301400
145.6382293701172,146.39538323134536,144.6647458342524,145.83488861865806,35195900
141.8131103515625,144.19272111621666,140.9871327315936,142.7177546502144,69246000
138.8140411376953,142.393293327039,138.00773375100172,141.88196729880755,83763800
145.55955505371094,146.23804217919428,138.20439151332914,139.04019702693043,111380900
145.8348846435547,146.64120704597443,144.16325857031342,145.73656252403373,71250400
145.34320068359375,145.53003217962117,143.21924526160134,143.52408428382984,65447400
144.18292236328125,148.40132070138284,143.33727415278167,145.30389650239576,68826400
140.52499389648438,144.8417290558683,139.55151049910586,144.61557170242608,64727200
138.58787536621094,140.97731424983792,137.66356048798676,139.8170142991394,69721100
140.2693328857422,141.12482380942538,138.7452125702619,139.98417924727298,62128300
139.78749084472656,143.14058484738695,138.5485094221092,139.96447961702353,76097000
142.07864379882812,142.08847150955347,138.70587850686456,140.31850830999085,70462700
143.04226684570312,147.4671667934874,141.83279839446703,147.00500937638787,93886200
140.8199920654297,144.21241242784126,138.80420126905452,142.92427726159215,82291200
134.22198486328125,139.43353745953314,133.7598273780729,138.75505030022137,98931900
132.26516723632812,135.35276341025192,131.49818579850947,134.40879318099954,160156900
130.160888671875,132.94366095306307,129.12842399506934,132.85516655290323,79592600
130.092041015625,131.02618341248566,127.72225803734129,129.19722445474264,77432800
133.18946838378906,134.52677190815584,130.53453175568677,130.76068907847488,85928000
130.02320861816406,132.31432503613755,128.1254256005218,132.10783812958184,77852100
129.659423828125,130.21007573511977,127.47647162243918,128.73510883960984,63814900
127.85993194580078,129.2169059676245,126.57179689801647,129.18740783707491,69007800
123.93653106689453,128.84325132058044,123.76936998157427,127.50594763388183,85438400
127.44696044921875,128.30243635978945,125.59833816334043,125.85399366425621,75703700
127.76158905029297,127.78125947114631,125.30331909041402,126.2669671564067,77034200
